threshold,metric,ci_lower,ci_upper
1,fpr (Black),1.0,1.0
1,fpr (White),1.0,1.0
1,fpr Gap (B-W),0.0,0.0
1,fnr (Black),0.0,0.0
1,fnr (White),0.0,0.0
1,fnr Gap (B-W),0.0,0.0
1,ppv (Black),0.4989177489177489,0.5305735930735931
1,ppv (White),0.37367563162184186,0.4132029339853301
1,ppv Gap (B-W),0.09598103480667668,0.14589568184464274
1,npv (Black),,
1,npv (White),,
1,npv Gap (B-W),,
1,tpr_recall (Black),1.0,1.0
1,tpr_recall (White),1.0,1.0
1,tpr_recall Gap (B-W),0.0,0.0
1,tnr_spec (Black),0.0,0.0
1,tnr_spec (White),0.0,0.0
1,tnr_spec Gap (B-W),0.0,0.0
1,accuracy (Black),0.4989177489177489,0.5305735930735931
1,accuracy (White),0.37367563162184186,0.4132029339853301
1,accuracy Gap (B-W),0.09598103480667668,0.14589568184464274
1,balanced_accuracy (Black),0.5,0.5
1,balanced_accuracy (White),0.5,0.5
1,balanced_accuracy Gap (B-W),0.0,0.0
1,overall_error (Black),0.4694264069264069,0.5010822510822511
1,overall_error (White),0.58679706601467,0.6263243683781581
1,overall_error Gap (B-W),-0.14589568184464274,-0.09598103480667665
1,selection_rate (Black),1.0,1.0
1,selection_rate (White),1.0,1.0
1,selection_rate Gap (B-W),0.0,0.0
2,fpr (Black),0.8112445871667773,0.8464996389180672
2,fpr (White),0.6137883784814159,0.6621532415963696
2,fpr Gap (B-W),0.1612755606635345,0.22044195759279908
2,fnr (Black),0.038641905444928785,0.057592107302170605
2,fnr (White),0.12473777642523838,0.16954358793547752
2,fnr Gap (B-W),-0.12382485803430769,-0.0749113527910479
2,ppv (Black),0.5320166424004904,0.5660734074040499
2,ppv (White),0.44065848612433256,0.4876974365242768
2,ppv Gap (B-W),0.05546228920324217,0.11282333479147844
2,npv (Black),0.7295019328513137,0.8111452784503631
2,npv (White),0.7605137944273804,0.8225108225108225
2,npv Gap (B-W),-0.07250426180045189,0.031461934753369634
2,tpr_recall (Black),0.9424078926978294,0.9613580945550713
2,tpr_recall (White),0.8304564120645225,0.8752622235747616
2,tpr_recall Gap (B-W),0.0749113527910478,0.12382485803430769
2,tnr_spec (Black),0.1535003610819328,0.18875541283322264
2,tnr_spec (White),0.33784675840363043,0.3862116215185841
2,tnr_spec Gap (B-W),-0.2204419575927991,-0.1612755606635345
2,accuracy (Black),0.5570887445887446,0.5887513528138527
2,accuracy (White),0.5354523227383863,0.5749796251018745
2,accuracy Gap (B-W),-0.007426749595148102,0.04244023473470298
2,balanced_accuracy (Black),0.551481158363374,0.5713950497839495
2,balanced_accuracy (White),0.5909571788344398,0.6242854940241027
2,balanced_accuracy Gap (B-W),-0.06596758699743212,-0.026741147894304634
2,overall_error (Black),0.4112486471861472,0.4429112554112554
2,overall_error (White),0.4250203748981255,0.46454767726161367
2,overall_error Gap (B-W),-0.04244023473470293,0.007426749595148094
2,selection_rate (Black),0.8823051948051948,0.9023268398268398
2,selection_rate (White),0.7049714751426243,0.7404237978810106
2,selection_rate Gap (B-W),0.1493429591496524,0.1901745361403063
3,fpr (Black),0.6550168463285341,0.6974362606232294
3,fpr (White),0.44601865579441563,0.49665797682709445
3,fpr Gap (B-W),0.17148873171166074,0.2377427301408864
3,fnr (Black),0.09646763961393873,0.12458867129826087
3,fnr (White),0.23572593988418053,0.2923865213734967
3,fnr Gap (B-W),-0.1840171189303886,-0.12202971697660352
3,ppv (Black),0.5643829691425322,0.6
3,ppv (White),0.4766526017804415,0.5298667575322014
3,ppv Gap (B-W),0.0464561066348471,0.10990712196289497
3,npv (Black),0.7036114570361146,0.7652070771183751
3,npv (White),0.7288926444278371,0.7819636226067058
3,npv Gap (B-W),-0.06252145787102717,0.019811198079994718
3,tpr_recall (Black),0.8754113287017392,0.9035323603860613
3,tpr_recall (White),0.7076134786265033,0.7642740601158194
3,tpr_recall Gap (B-W),0.12202971697660353,0.1840171189303886
3,tnr_spec (Black),0.30256373937677056,0.3449831536714659
3,tnr_spec (White),0.5033420231729056,0.5539813442055844
3,tnr_spec Gap (B-W),-0.2377427301408864,-0.17148873171166074
3,accuracy (Black),0.5995670995670995,0.6301406926406926
3,accuracy (White),0.5908720456397718,0.6299918500407498
3,accuracy Gap (B-W),-0.020846266101461692,0.029407527069507514
3,balanced_accuracy (Black),0.5939785767221303,0.6196191072031092
3,balanced_accuracy (White),0.6138066960146782,0.65130072147143
3,balanced_accuracy Gap (B-W),-0.04845354712894589,-0.002899822306220066
3,overall_error (Black),0.36985930735930733,0.4004329004329004
3,overall_error (White),0.3700081499592502,0.4091279543602282
3,overall_error Gap (B-W),-0.0294075270695075,0.020846266101461668
3,selection_rate (Black),0.7727272727272727,0.7989718614718615
3,selection_rate (White),0.5562347188264058,0.5945395273023635
3,selection_rate Gap (B-W),0.18726309219509102,0.2334000313561743
4,fpr (Black),0.5409922277043875,0.586481019376774
4,fpr (White),0.3265843179377014,0.37483818395312907
4,fpr Gap (B-W),0.1802648989760046,0.24559886881882817
4,fnr (Black),0.1690779891343927,0.20467624260556197
4,fnr (White),0.3292186343710186,0.39112601000629366
4,fnr Gap (B-W),-0.20902718271682624,-0.13774682815859896
4,ppv (Black),0.5851134513147738,0.623015301128182
4,ppv (White),0.5125223613595706,0.5716838842975206
4,ppv Gap (B-W),0.02673426667521441,0.0965631613144647
4,npv (Black),0.6606648414387719,0.7146488799535401
4,npv (White),0.7115673681930456,0.7599722331595048
4,npv Gap (B-W),-0.08457975424089832,-0.01168152828881672
4,tpr_recall (Black),0.7953237573944381,0.8309220108656072
4,tpr_recall (White),0.6088739899937063,0.6707813656289813
4,tpr_recall Gap (B-W),0.13774682815859896,0.20902718271682622
4,tnr_spec (Black),0.413518980623226,0.45900777229561246
4,tnr_spec (White),0.6251618160468709,0.6734156820622986
4,tnr_spec Gap (B-W),-0.24559886881882814,-0.18026489897600462
4,accuracy (Black),0.6141774891774892,0.6458333333333334
4,accuracy (White),0.6267318663406682,0.6650366748166259
4,accuracy Gap (B-W),-0.040395054721154997,0.008807016638618154
4,balanced_accuracy (Black),0.6094068962827003,0.639136630395222
4,balanced_accuracy (White),0.6252741535250603,0.6647632419647689
4,balanced_accuracy Gap (B-W),-0.04461568090137833,0.003692529418802728
4,overall_error (Black),0.3541666666666667,0.38582251082251084
4,overall_error (White),0.33496332518337407,0.3732681336593317
4,overall_error Gap (B-W),-0.0088070166386181,0.04039505472115494
4,selection_rate (Black),0.6772186147186147,0.7067099567099567
4,selection_rate (White),0.4441727791361043,0.4841075794621027
4,selection_rate Gap (B-W),0.20327458681294253,0.25181538357730293
5,fpr (Black),0.4251254554795041,0.47115466101694914
5,fpr (White),0.21318063862823813,0.2567761834055466
5,fpr Gap (B-W),0.18128652264144574,0.24550090263674823
5,fnr (Black),0.25971093436539416,0.299682493800921
5,fnr (White),0.44466241895819364,0.5097198316442377
5,fnr Gap (B-W),-0.23502026678869392,-0.16006132800335657
5,ppv (Black),0.6098114517669653,0.6499565346661254
5,ppv (White),0.5573029333466648,0.6242843462145272
5,ppv Gap (B-W),0.00023174651580845111,0.07766306313235653
5,npv (Black),0.6264286238706626,0.674312236548475
5,npv (White),0.6895905265993142,0.7347932636203465
5,npv Gap (B-W),-0.09453628083642109,-0.029272029221284985
5,tpr_recall (Black),0.700317506199079,0.7402890656346058
5,tpr_recall (White),0.4902801683557623,0.5553375810418063
5,tpr_recall Gap (B-W),0.16006132800335662,0.23502026678869392
5,tnr_spec (Black),0.5288453389830509,0.5748745445204958
5,tnr_spec (White),0.7432238165944534,0.7868193613717619
5,tnr_spec Gap (B-W),-0.2455009026367483,-0.18128652264144574
5,accuracy (Black),0.622564935064935,0.6542207792207793
5,accuracy (White),0.6507742461287693,0.6886715566422168
5,accuracy Gap (B-W),-0.05565476190476193,-0.007007757676309079
5,balanced_accuracy (Black),0.6203467588214546,0.6516119822516874
5,balanced_accuracy (White),0.6240168226670875,0.6634263169397939
5,balanced_accuracy Gap (B-W),-0.03262982392492941,0.016640793613675636
5,overall_error (Black),0.3457792207792208,0.37743506493506496
5,overall_error (White),0.3113284433577832,0.34922575387123067
5,overall_error Gap (B-W),0.007007757676309019,0.05565476190476183
5,selection_rate (Black),0.5722402597402597,0.6038961038961039
5,selection_rate (White),0.3292583537082315,0.3671658516707415
5,selection_rate Gap (B-W),0.21516090877337818,0.26435209808528876
6,fpr (Black),0.32053404045161255,0.3648054189017667
6,fpr (White),0.129717955685276,0.16500349202192038
6,fpr Gap (B-W),0.16829898183976774,0.22455633087777815
6,fnr (Black),0.3510034339105212,0.3940054767041067
6,fnr (White),0.5602988260405549,0.6232052138674316
6,fnr Gap (B-W),-0.2584444305667184,-0.18036492808525556
6,ppv (Black),0.6380356102409432,0.6814829274338476
6,ppv (White),0.6036032361888806,0.6804473334056381
6,ppv Gap (B-W),-0.02678181730880002,0.0608149376167944
6,npv (Black),0.60292561924069,0.6461098352866644
6,npv (White),0.6680812452456144,0.7105409927495817
6,npv Gap (B-W),-0.09553239718094172,-0.034173287872015276
6,tpr_recall (Black),0.6059945232958933,0.6489965660894789
6,tpr_recall (White),0.37679478613256845,0.4397011739594451
6,tpr_recall Gap (B-W),0.18036492808525556,0.25844443056671845
6,tnr_spec (Black),0.6351945810982332,0.6794659595483874
6,tnr_spec (White),0.8349965079780796,0.870282044314724
6,tnr_spec Gap (B-W),-0.22455633087777815,-0.16829898183976777
6,accuracy (Black),0.6263528138528138,0.6571969696969697
6,accuracy (White),0.6589242053789731,0.6960065199674002
6,accuracy Gap (B-W),-0.06018925171202068,-0.011891117999767121
6,balanced_accuracy (Black),0.6268118374994078,0.6576172293655406
6,balanced_accuracy (White),0.6120045126070085,0.6485278785786017
6,balanced_accuracy Gap (B-W),-0.011828002769052192,0.035999220526432216
6,overall_error (Black),0.3428030303030303,0.37364718614718617
6,overall_error (White),0.30399348003259985,0.3410757946210269
6,overall_error Gap (B-W),0.01189111799976717,0.06018925171202065
6,selection_rate (Black),0.4732142857142857,0.5054112554112554
6,selection_rate (White),0.2334963325183374,0.26772616136919314
6,selection_rate Gap (B-W),0.2152482297653447,0.2634930778268186
7,fpr (Black),0.2289595851642555,0.26910408049026946
7,fpr (White),0.07660347725973912,0.1064563679245283
7,fpr Gap (B-W),0.13336050939999142,0.18296905066889055
7,fnr (Black),0.46338785664397286,0.5084948470517482
7,fnr (White),0.6777436094109544,0.7357899896800826
7,fnr Gap (B-W),-0.2575582436202026,-0.184588399411404
7,ppv (Black),0.6624896349981193,0.709876651353526
7,ppv (White),0.6293527363184079,0.7204819277108434
7,ppv Gap (B-W),-0.03990419092351531,0.06264114525548067
7,npv (Black),0.5732696878369107,0.6130004971152654
7,npv (White),0.6441413466212931,0.6850122850122851
7,npv Gap (B-W),-0.10020212968363479,-0.04222102298332109
7,tpr_recall (Black),0.4915051529482518,0.5366121433560271
7,tpr_recall (White),0.2642100103199174,0.32225639058904565
7,tpr_recall Gap (B-W),0.18458839941140393,0.2575582436202026
7,tnr_spec (Black),0.7308959195097305,0.7710404148357445
7,tnr_spec (White),0.8935436320754717,0.9233965227402608
7,tnr_spec Gap (B-W),-0.18296905066889066,-0.13336050939999144
7,accuracy (Black),0.6133658008658008,0.645021645021645
7,accuracy (White),0.6475142624286878,0.6850040749796251
7,accuracy Gap (B-W),-0.06174503725695656,-0.01237593142391437
7,balanced_accuracy (Black),0.6176872846934333,0.6480229273676426
7,balanced_accuracy (White),0.584395721398405,0.6170615315834641
7,balanced_accuracy Gap (B-W),0.00935973329923309,0.05439828668306793
7,overall_error (Black),0.354978354978355,0.3866341991341991
7,overall_error (White),0.3149959250203749,0.35248573757131213
7,overall_error Gap (B-W),0.012375931423914306,0.06174503725695661
7,selection_rate (Black),0.3693181818181818,0.4015151515151515
7,selection_rate (White),0.1556642216788916,0.18581907090464547
7,selection_rate Gap (B-W),0.19248349831708636,0.23679992710020215
8,fpr (Black),0.14145770240318886,0.17552975471792515
8,fpr (White),0.04335975609756097,0.06617175151745627
8,fpr Gap (B-W),0.08372558266782495,0.12478352856208817
8,fnr (Black),0.5877693554193169,0.6328006086787709
8,fnr (White),0.7723821259646503,0.8235936733234077
8,fnr Gap (B-W),-0.22156432901098752,-0.15373287038715244
8,ppv (Black),0.6945218198700093,0.7505325770055877
8,ppv (White),0.6514643643620681,0.7595501456408195
8,ppv Gap (B-W),-0.04383833445543462,0.07605154788241413
8,npv (Black),0.5466417910447762,0.5839940351415156
8,npv (White),0.6259670547540707,0.6663615769525216
8,npv Gap (B-W),-0.10797957007790647,-0.053623807180606685
8,tpr_recall (Black),0.3671993913212291,0.41223064458068315
8,tpr_recall (White),0.1764063266765922,0.22761787403534972
8,tpr_recall Gap (B-W),0.15373287038715241,0.22156432901098752
8,tnr_spec (Black),0.8244702452820748,0.8585422975968111
8,tnr_spec (White),0.9338282484825438,0.956640243902439
8,tnr_spec Gap (B-W),-0.12478352856208826,-0.083725582667825
8,accuracy (Black),0.5930735930735931,0.625
8,accuracy (White),0.6344743276283619,0.6715566422167889
8,accuracy Gap (B-W),-0.06806393484266339,-0.019889257798029247
8,balanced_accuracy (Black),0.601894532702992,0.6297093701803768
8,balanced_accuracy (White),0.5600759986854941,0.5880359991363484
8,balanced_accuracy Gap (B-W),0.022168875047544345,0.061297653953952584
8,overall_error (Black),0.375,0.4069264069264069
8,overall_error (White),0.3284433577832111,0.36552567237163813
8,overall_error Gap (B-W),0.019889257798029192,0.0680639348426634
8,selection_rate (Black),0.262987012987013,0.29167343073593066
8,selection_rate (White),0.09983700081499593,0.12510187449062754
8,selection_rate Gap (B-W),0.14561767694408284,0.18435793271520656
9,fpr (Black),0.08161016307787287,0.10857492642930736
9,fpr (White),0.0242583517111819,0.04222542935620311
9,fpr Gap (B-W),0.045547762977166784,0.07854052746913721
9,fnr (Black),0.7193159620958144,0.7589920066740392
9,fnr (White),0.862513399862522,0.9027222065555278
9,fnr Gap (B-W),-0.17213204315303487,-0.11521140723000124
9,ppv (Black),0.7109717281306934,0.777947932618683
9,ppv (White),0.6235938532716457,0.7660856687172476
9,ppv Gap (B-W),-0.02906413092656234,0.12700641377946853
9,npv (Black),0.5181416097055949,0.5536473184444506
9,npv (White),0.6081791043236465,0.6479063722638561
9,npv Gap (B-W),-0.11875356494934536,-0.0653117200144782
9,tpr_recall (Black),0.24100799332596082,0.28068403790418556
9,tpr_recall (White),0.0972777934444721,0.1374866001374781
9,tpr_recall Gap (B-W),0.11521140723000121,0.17213204315303485
9,tnr_spec (Black),0.8914250735706927,0.9183898369221272
9,tnr_spec (White),0.9577745706437969,0.9757416482888182
9,tnr_spec Gap (B-W),-0.07854052746913724,-0.04554776297716685
9,accuracy (Black),0.5570887445887446,0.5900974025974026
9,accuracy (White),0.6132844335778321,0.6515892420537898
9,accuracy Gap (B-W),-0.08352429838906,-0.03404526402692667
9,balanced_accuracy (Black),0.5710167828128343,0.5952117176693191
9,balanced_accuracy (White),0.5311771166831892,0.5532859273883817
9,balanced_accuracy Gap (B-W),0.024352445721012035,0.057232144339213385
9,overall_error (Black),0.4099025974025974,0.4429112554112554
9,overall_error (White),0.3484107579462103,0.38671556642216787
9,overall_error Gap (B-W),0.0340452640269266,0.08352429838905995
9,selection_rate (Black),0.1682900432900433,0.19291125541125542
9,selection_rate (White),0.05623471882640587,0.07579462102689487
9,selection_rate Gap (B-W),0.09859118825347432,0.13000640353941087
10,fpr (Black),0.024999321389793706,0.04113396331295164
10,fpr (White),0.007442489851150203,0.018691588785046728
10,fpr Gap (B-W),0.010178762231803393,0.03035217992024452
10,fnr (Black),0.8657029835505347,0.8949845159297278
10,fnr (White),0.9397709160722636,0.9660306245820697
10,fnr Gap (B-W),-0.09255174406656373,-0.052445508746108316
10,ppv (Black),0.7464285714285714,0.84
10,ppv (White),0.5862068965517241,0.8088235294117647
10,ppv Gap (B-W),-0.02612434793922631,0.21581039678199243
10,npv (Black),0.492232542782407,0.5253349850999519
10,npv (White),0.5951273866964522,0.6343501880484748
10,npv Gap (B-W),-0.13099543915806566,-0.08034207048643884
10,tpr_recall (Black),0.10501548407027216,0.13429701644946532
10,tpr_recall (White),0.0339693754179303,0.060229083927736356
10,tpr_recall Gap (B-W),0.05244550874610831,0.09255174406656373
10,tnr_spec (Black),0.9588660366870484,0.9750006786102062
10,tnr_spec (White),0.9813084112149533,0.9925575101488497
10,tnr_spec Gap (B-W),-0.030352179920244506,-0.010178762231803348
10,accuracy (Black),0.5146036255411256,0.5465367965367965
10,accuracy (White),0.5973920130399348,0.6365118174409128
10,accuracy Gap (B-W),-0.11098608883984803,-0.06116909908551101
10,balanced_accuracy (Black),0.5348918642894752,0.551539799552121
10,balanced_accuracy (White),0.5099063516652786,0.5241883654600812
10,balanced_accuracy Gap (B-W),0.015083787809822,0.0373600678769979
10,overall_error (Black),0.45346320346320346,0.48539637445887435
10,overall_error (White),0.3634881825590872,0.4026079869600652
10,overall_error Gap (B-W),0.061169099085511054,0.11098608883984802
10,selection_rate (Black),0.06898674242424242,0.08603896103896104
10,selection_rate (White),0.019967400162999183,0.032599837000814993
10,selection_rate Gap (B-W),0.04045202836079975,0.06253439917865346
11,fpr (Black),0.0,0.0
11,fpr (White),0.0,0.0
11,fpr Gap (B-W),0.0,0.0
11,fnr (Black),1.0,1.0
11,fnr (White),1.0,1.0
11,fnr Gap (B-W),0.0,0.0
11,ppv (Black),,
11,ppv (White),,
11,ppv Gap (B-W),,
11,npv (Black),0.4694264069264069,0.5010822510822511
11,npv (White),0.58679706601467,0.6263243683781581
11,npv Gap (B-W),-0.14589568184464274,-0.09598103480667665
11,tpr_recall (Black),0.0,0.0
11,tpr_recall (White),0.0,0.0
11,tpr_recall Gap (B-W),0.0,0.0
11,tnr_spec (Black),1.0,1.0
11,tnr_spec (White),1.0,1.0
11,tnr_spec Gap (B-W),0.0,0.0
11,accuracy (Black),0.4694264069264069,0.5010822510822511
11,accuracy (White),0.58679706601467,0.6263243683781581
11,accuracy Gap (B-W),-0.14589568184464274,-0.09598103480667665
11,balanced_accuracy (Black),0.5,0.5
11,balanced_accuracy (White),0.5,0.5
11,balanced_accuracy Gap (B-W),0.0,0.0
11,overall_error (Black),0.4989177489177489,0.5305735930735931
11,overall_error (White),0.37367563162184186,0.4132029339853301
11,overall_error Gap (B-W),0.09598103480667668,0.14589568184464274
11,selection_rate (Black),0.0,0.0
11,selection_rate (White),0.0,0.0
11,selection_rate Gap (B-W),0.0,0.0
Score_1,Calibration (Black),0.1888547215496368,0.2704980671486863
Score_1,Calibration (White),0.1774891774891775,0.23948620557261943
Score_1,Calibration Gap (B-W),-0.03146193475336959,0.07250426180045196
Score_2,Calibration (Black),0.25634202086016616,0.3484848484848485
Score_2,Calibration (White),0.2643662501174481,0.36187974908536136
Score_2,Calibration Gap (B-W),-0.07824653985386278,0.05808788959713492
Score_3,Calibration (Black),0.3667524186455585,0.47025534032616184
Score_3,Calibration (White),0.2851441320711679,0.3962962962962963
Score_3,Calibration Gap (B-W),0.003729825738611771,0.15361458169104866
Score_4,Calibration (Black),0.41113693807546486,0.5092360532743573
Score_4,Calibration (White),0.3406554019457245,0.45422535211267606
Score_4,Calibration Gap (B-W),-0.01426413342113056,0.138720816623767
Score_5,Calibration (Black),0.43080403701210807,0.535015848444641
Score_5,Calibration (White),0.3975891269998025,0.5230159421974275
Score_5,Calibration Gap (B-W),-0.05819159596444499,0.10282984007791411
Score_6,Calibration (Black),0.5107512506468863,0.6098657476609644
Score_6,Calibration (White),0.5025125628140703,0.6382978723404256
Score_6,Calibration Gap (B-W),-0.0947709146707162,0.07334887235568913
Score_7,Calibration (Black),0.5452431822686518,0.6407766990291263
Score_7,Calibration (White),0.5357085253456221,0.6953137934602649
Score_7,Calibration Gap (B-W),-0.11398776230880435,0.07222035339519146
Score_8,Calibration (Black),0.6331502429502303,0.7303370786516854
Score_8,Calibration (White),0.6363636363636364,0.7981651376146789
Score_8,Calibration Gap (B-W),-0.13058479868932682,0.055841660606078196
Score_9,Calibration (Black),0.6608877992229603,0.7532817101443222
Score_9,Calibration (White),0.6,0.7843137254901961
Score_9,Calibration Gap (B-W),-0.0900929353555683,0.11715136295038667
Score_10,Calibration (Black),0.7464285714285714,0.84
Score_10,Calibration (White),0.5862068965517241,0.8088235294117647
Score_10,Calibration Gap (B-W),-0.02612434793922631,0.21581039678199243
threshold_independent,AUC (Black),0.6750860814857093,0.7087745667481334
threshold_independent,AUC (White),0.6713013251337847,0.7150246818882002
threshold_independent,AUC (Sample R),0.6901675847085825,0.7143989844682136
threshold_independent,AUC Gap (B-W),-0.02870924423054651,0.02612524312701458
