n,tp,fp,tn,fn,fpr,fnr,ppv,npv,tpr_recall,tnr_spec,accuracy,balanced_accuracy,overall_error,selection_rate,threshold,group
7214.0,3251.0,3963.0,0.0,0.0,1.0,0.0,0.45065151095092876,,1.0,0.0,0.45065151095092876,0.5,0.5493484890490713,1.0,1,Sample R
6150.0,2867.0,3283.0,0.0,0.0,1.0,0.0,0.4661788617886179,,1.0,0.0,0.4661788617886179,0.5,0.5338211382113821,1.0,1,Sample C
3696.0,1901.0,1795.0,0.0,0.0,1.0,0.0,0.5143398268398268,,1.0,0.0,0.5143398268398268,0.5,0.4856601731601732,1.0,1,Black
2454.0,966.0,1488.0,0.0,0.0,1.0,0.0,0.39364303178484106,,1.0,0.0,0.39364303178484106,0.5,0.6063569682151589,1.0,1,White
,,,,,0.0,0.0,0.12069679505498576,,0.0,0.0,0.12069679505498576,0.0,-0.12069679505498576,0.0,1,Gap (Black - White)
7214.0,2943.0,2831.0,1132.0,308.0,0.7143578097400959,0.09474007997539219,0.5096986491167301,0.7861111111111111,0.9052599200246079,0.2856421902599041,0.5648738563903521,0.595451055142256,0.4351261436096479,0.800388134183532,2,Sample R
6150.0,2634.0,2437.0,846.0,233.0,0.742308863844045,0.0812696198116498,0.519424176690988,0.7840593141797961,0.9187303801883502,0.25769113615595496,0.5658536585365853,0.5882107581721525,0.43414634146341463,0.8245528455284553,2,Sample C
3696.0,1810.0,1488.0,307.0,91.0,0.8289693593314763,0.047869542346133616,0.5488174651303821,0.7713567839195979,0.9521304576538664,0.1710306406685237,0.5727813852813853,0.561580549161195,0.4272186147186147,0.8923160173160173,2,Black
2454.0,824.0,949.0,539.0,142.0,0.6377688172043011,0.14699792960662525,0.4647490129723632,0.7914831130690162,0.8530020703933747,0.3622311827956989,0.5554197229013855,0.6076166265945369,0.44458027709861453,0.7224938875305623,2,White
,,,,,0.1912005421271752,-0.09912838726049164,0.08406845215801889,-0.020126329149418254,0.09912838726049167,-0.1912005421271752,0.01736166237999981,-0.046036077433341815,-0.01736166237999981,0.16982212978545497,2,Gap (Black - White)
7214.0,2650.0,2183.0,1780.0,601.0,0.5508453192026243,0.18486619501691787,0.548313676805297,0.747585048299034,0.8151338049830821,0.44915468079737575,0.6140837260881619,0.6321442428902289,0.3859162739118381,0.6699473246465206,3,Sample R
6150.0,2402.0,1915.0,1368.0,465.0,0.5833079500456899,0.16219044297174748,0.5564049108176975,0.7463175122749591,0.8378095570282525,0.4166920499543101,0.6130081300813008,0.6272508034912814,0.38699186991869916,0.7019512195121951,3,Sample C
3696.0,1691.0,1214.0,581.0,210.0,0.6763231197771588,0.11046817464492373,0.5820998278829604,0.7345132743362832,0.8895318253550762,0.32367688022284125,0.6147186147186147,0.6066043527889587,0.3852813852813853,0.7859848484848485,3,Black
2454.0,711.0,701.0,787.0,255.0,0.47110215053763443,0.2639751552795031,0.5035410764872521,0.755278310940499,0.7360248447204969,0.5288978494623655,0.6104319478402608,0.6324613470914312,0.3895680521597392,0.5753871230643847,3,White
,,,,,0.20522096923952432,-0.15350698063457938,0.07855875139570834,-0.020765036604215803,0.15350698063457935,-0.20522096923952426,0.004286666878353884,-0.025856994302472458,-0.00428666687835394,0.21059772542046384,3,Gap (Black - White)
7214.0,2369.0,1717.0,2246.0,882.0,0.43325763310623266,0.27130113811135037,0.5797846304454234,0.7180306905370843,0.7286988618886496,0.5667423668937673,0.6397283060715275,0.6477206143912084,0.3602716939284724,0.5663986692542279,4,Sample R
6150.0,2164.0,1534.0,1749.0,703.0,0.46725555893999393,0.245204046041158,0.5851811790156841,0.7132952691680261,0.754795953958842,0.5327444410600061,0.636260162601626,0.6437701975094241,0.363739837398374,0.6013008130081301,4,Sample C
3696.0,1546.0,1013.0,782.0,355.0,0.5643454038997214,0.18674381904260914,0.6041422430636968,0.6877748460861918,0.8132561809573908,0.43565459610027857,0.6298701298701299,0.6244553885288346,0.37012987012987014,0.6923701298701299,4,Black
2454.0,618.0,521.0,967.0,348.0,0.35013440860215056,0.36024844720496896,0.5425812115891132,0.7353612167300381,0.639751552795031,0.6498655913978495,0.6458842705786471,0.6448085720964403,0.3541157294213529,0.4641401792991035,4,White
,,,,,0.21421099529757087,-0.17350462816235981,0.06156103147458358,-0.0475863706438463,0.1735046281623598,-0.21421099529757093,-0.016014140708517144,-0.020353183567605626,0.016014140708517255,0.2282299505710264,4,Gap (Black - White)
7214.0,2035.0,1282.0,2681.0,1216.0,0.32349230381024474,0.3740387573054445,0.6135061802833887,0.6879651013600205,0.6259612426945556,0.6765076961897553,0.6537288605489326,0.6512344694421555,0.34627113945106736,0.45980038813418356,5,Sample R
6150.0,1874.0,1154.0,2129.0,993.0,0.3515077672860189,0.3463550749912801,0.6188903566710701,0.6819346572709801,0.65364492500872,0.648492232713981,0.6508943089430894,0.6510685788613505,0.3491056910569106,0.4923577235772358,5,Sample C
3696.0,1369.0,805.0,990.0,532.0,0.44846796657381616,0.27985270910047344,0.6297148114075437,0.6504599211563732,0.7201472908995266,0.5515320334261838,0.6382575757575758,0.6358396621628553,0.36174242424242425,0.5882034632034632,5,Black
2454.0,505.0,349.0,1139.0,461.0,0.23454301075268819,0.4772256728778468,0.5913348946135831,0.711875,0.5227743271221532,0.7654569892473118,0.6699266503667481,0.6441156581847325,0.33007334963325186,0.3480032599837001,5,White
,,,,,0.21392495582112797,-0.19737296377737334,0.03837991679396058,-0.06141507884362685,0.19737296377737334,-0.21392495582112792,-0.03166907460917234,-0.00827599602187723,0.0316690746091724,0.2402002032197631,5,Gap (Black - White)
7214.0,1709.0,927.0,3036.0,1542.0,0.23391370174110523,0.4743155952014765,0.6483308042488619,0.6631716906946264,0.5256844047985235,0.7660862982588947,0.6577488217355143,0.6458853515287091,0.3422511782644857,0.36540060992514556,6,Sample R
6150.0,1587.0,835.0,2448.0,1280.0,0.25434054218702407,0.4464597139867457,0.6552436003303055,0.6566523605150214,0.5535402860132543,0.7456594578129759,0.6560975609756098,0.6495998719131151,0.3439024390243902,0.3938211382113821,6,Sample C
3696.0,1193.0,616.0,1179.0,708.0,0.34317548746518106,0.37243556023145713,0.6594803758982863,0.6248012718600954,0.6275644397685429,0.6568245125348189,0.6417748917748918,0.6421944761516809,0.3582251082251082,0.48944805194805197,6,Black
2454.0,394.0,219.0,1269.0,572.0,0.14717741935483872,0.5921325051759835,0.6427406199021207,0.6892992938620315,0.4078674948240165,0.8528225806451613,0.6776691116544418,0.6303450377345889,0.3223308883455583,0.24979625101874492,6,White
,,,,,0.19599806811034234,-0.21969694494452635,0.016739755996165617,-0.0644980220019361,0.2196969449445264,-0.19599806811034237,-0.03589421987954999,0.011849438417091962,0.03589421987954994,0.23965180092930705,6,Gap (Black - White)
7214.0,1351.0,644.0,3319.0,1900.0,0.1625031541761292,0.584435558289757,0.6771929824561403,0.6359455834451044,0.415564441710243,0.8374968458238707,0.6473523703909065,0.6265306437670568,0.3526476296090934,0.276545605766565,7,Sample R
6150.0,1261.0,583.0,2700.0,1606.0,0.17758148035333537,0.5601674223927451,0.6838394793926247,0.6270320483046912,0.4398325776072549,0.8224185196466647,0.6440650406504065,0.6311255486269598,0.3559349593495935,0.29983739837398377,7,Sample C
3696.0,978.0,447.0,1348.0,923.0,0.249025069637883,0.4855339295107838,0.6863157894736842,0.5935711140466755,0.5144660704892162,0.7509749303621169,0.6293290043290043,0.6327205004256666,0.37067099567099565,0.38555194805194803,7,Black
2454.0,283.0,136.0,1352.0,683.0,0.0913978494623656,0.7070393374741201,0.6754176610978521,0.6643734643734643,0.29296066252587993,0.9086021505376344,0.6662591687041565,0.6007814065317572,0.33374083129584353,0.17074164629176855,7,White
,,,,,0.15762722017551742,-0.2215054079633363,0.01089812837583215,-0.07080235032678883,0.2215054079633363,-0.15762722017551745,-0.036930164375152175,0.031939093893909476,0.03693016437515212,0.21481030176017948,7,Gap (Black - White)
7214.0,1001.0,402.0,3561.0,2250.0,0.10143830431491295,0.6920947400799754,0.7134711332858161,0.6128033040784718,0.3079052599200246,0.898561695685087,0.6323814804546715,0.6032334778025559,0.36761851954532854,0.19448294981979483,8,Sample R
6150.0,936.0,365.0,2918.0,1931.0,0.11117879987816022,0.6735263341471922,0.7194465795541891,0.6017735615590843,0.3264736658528078,0.8888212001218397,0.6266666666666667,0.6076474329873238,0.37333333333333335,0.21154471544715447,8,Sample C
3696.0,741.0,284.0,1511.0,1160.0,0.15821727019498608,0.6102051551814834,0.7229268292682927,0.5657057281916885,0.38979484481851656,0.8417827298050139,0.6093073593073594,0.6157887873117652,0.3906926406926407,0.2773268398268398,8,Black
2454.0,195.0,81.0,1407.0,771.0,0.05443548387096774,0.7981366459627329,0.7065217391304348,0.6460055096418733,0.20186335403726707,0.9455645161290323,0.6528117359413202,0.5737139350831497,0.3471882640586797,0.11246943765281174,8,White
,,,,,0.10378178632401833,-0.1879314907812495,0.016405090137857847,-0.08029978145018479,0.1879314907812495,-0.10378178632401835,-0.043504376633960895,0.04207485222861551,0.043504376633961006,0.16485740217402806,8,Gap (Black - White)
7214.0,651.0,240.0,3723.0,2600.0,0.06056018168054504,0.7997539218701938,0.7306397306397306,0.5888027834888502,0.20024607812980622,0.939439818319455,0.6063210424175215,0.5698429482246306,0.3936789575824785,0.12350984197393956,9,Sample R
6150.0,609.0,219.0,3064.0,2258.0,0.06670727992689614,0.7875828392047436,0.7355072463768116,0.5757234122510334,0.2124171607952564,0.9332927200731038,0.5972357723577236,0.5728549404341801,0.40276422764227643,0.13463414634146342,9,Sample C
3696.0,496.0,170.0,1625.0,1405.0,0.0947075208913649,0.7390846922672277,0.7447447447447447,0.5363036303630363,0.2609153077327723,0.9052924791086351,0.5738636363636364,0.5831038934207037,0.42613636363636365,0.18019480519480519,9,Black
2454.0,113.0,49.0,1439.0,853.0,0.03293010752688172,0.8830227743271222,0.6975308641975309,0.6278359511343804,0.11697722567287783,0.9670698924731183,0.632436837815811,0.542023559072998,0.36756316218418905,0.06601466992665037,9,White
,,,,,0.06177741336448318,-0.14393808205989445,0.04721388054721387,-0.0915323207713441,0.14393808205989445,-0.06177741336448317,-0.058573201452174595,0.04108033434770564,0.058573201452174595,0.11418013526815482,9,Gap (Black - White)
7214.0,296.0,87.0,3876.0,2955.0,0.02195306585919758,0.908951091971701,0.7728459530026109,0.5674132630654369,0.09104890802829901,0.9780469341408025,0.5783199334627114,0.5345479210845507,0.4216800665372886,0.053091211533130026,10,Sample R
6150.0,272.0,78.0,3205.0,2595.0,0.02375875723423698,0.9051273107778165,0.7771428571428571,0.5525862068965517,0.0948726892221835,0.9762412427657631,0.5653658536585365,0.5355569659939733,0.4346341463414634,0.056910569105691054,10,Sample C
3696.0,227.0,59.0,1736.0,1674.0,0.03286908077994429,0.8805891635981062,0.7937062937062938,0.509090909090909,0.11941083640189376,0.9671309192200557,0.5311147186147186,0.5432708778109747,0.4688852813852814,0.07738095238095238,10,Black
2454.0,45.0,19.0,1469.0,921.0,0.012768817204301076,0.953416149068323,0.703125,0.6146443514644352,0.04658385093167705,0.9872311827956989,0.6169519152404238,0.516907516863688,0.3830480847595762,0.026079869600651995,10,White
,,,,,0.020100263575643214,-0.07282698547021671,0.09058129370629375,-0.10555344237352615,0.07282698547021671,-0.020100263575643207,-0.08583719662570521,0.02636336094728675,0.08583719662570521,0.05130108278030039,10,Gap (Black - White)
7214.0,0.0,0.0,3963.0,3251.0,0.0,1.0,,0.5493484890490713,0.0,1.0,0.5493484890490713,0.5,0.45065151095092876,0.0,11,Sample R
6150.0,0.0,0.0,3283.0,2867.0,0.0,1.0,,0.5338211382113821,0.0,1.0,0.5338211382113821,0.5,0.4661788617886179,0.0,11,Sample C
3696.0,0.0,0.0,1795.0,1901.0,0.0,1.0,,0.4856601731601732,0.0,1.0,0.4856601731601732,0.5,0.5143398268398268,0.0,11,Black
2454.0,0.0,0.0,1488.0,966.0,0.0,1.0,,0.6063569682151589,0.0,1.0,0.6063569682151589,0.5,0.39364303178484106,0.0,11,White
,,,,,0.0,0.0,,-0.12069679505498576,0.0,0.0,-0.12069679505498576,0.0,0.12069679505498576,0.0,11,Gap (Black - White)
